customerNumber,contactDate,orderTotal
141,2019-03-06,820689.54
124,2019-03-06,591827.34
114,2019-03-06,180585.07
151,2019-03-06,177913.95
119,2019-03-06,158573.12
148,2019-03-06,156251.03
323,2019-03-06,154622.08
131,2019-03-06,149085.15
187,2019-03-06,148410.09
450,2019-03-06,143536.27
