customerNumber,contactDate,orderTotal,OrderCount
148,2019-03-06,156251.03,18
323,2019-03-06,154622.08,18
141,2019-03-06,820689.54,17
131,2019-03-06,149085.15,16
114,2019-03-06,180585.07,14
450,2019-03-06,143536.27,9
119,2019-03-06,158573.12,5
151,2019-03-06,177913.95,4
124,2019-03-06,591827.34,2
187,2019-03-06,148410.09,2
